cdf_solver;PARALLEL_BACK_STARPU;131072;2048;100;24;4;17.27355300
cdf_solver;PARALLEL_BACK_STARPU;131072;2048;100;24;4;18.61060200
cdf_solver;PARALLEL_BACK_STARPU;131072;2048;100;24;4;19.46539200
cdf_solver;PARALLEL_BACK_STARPU;131072;2048;100;24;4;17.81887000
